Workbook

Sheet Results
A1: Block | B1: Item | C1: Correct answer | D1: ChatGPT answer | E1: ChatGPT result | F1: Column1 | G1: ChatGPT time (sec) | H1: ChatGPT time note | I1: Claude answer | J1: Claude result | K1: Column2 | L1: Claude time (sec) | M1: Claude time note | N1: Gemini answer | O1: Gemini result | P1: Column3 | Q1: Gemini time (sec) | R1: Gemini time note | S1: Notes | T1: Sum correct
A2: C | B2: C1 | C2: 8 | D2: 5 | E2: =IF(D2="","",IF(D2=$C2,"Correct","Incorrect")) -> Incorrect | F2: =IF(D2="","",IF(D2=$C2,1,0)) -> 0 | G2: 0 | H2: Immediate | I2: 3 | J2: =IF(I2="","",IF(I2=$C2,"Correct","Incorrect")) -> Incorrect | K2: =IF(I2="","",IF(I2=$C2,1,0)) -> 0 | L2: 5 | N2: 4 | O2: =IF(N2="","",IF(N2=$C2,"Correct","Incorrect")) -> Incorrect | P2: =IF(N2="","",IF(N2=$C2,1,0)) -> 0 | Q2: 4 | T2: =SUM(RavenResultsTable[[#This Row],[Column3]],RavenResultsTable[[#This Row],[Column2]],RavenResultsTable[[#This Row],[Column1]]) -> 0
A3: C | B3: C2 | C3: 3 | D3: 3 | E3: =IF(D3="","",IF(D3=$C3,"Correct","Incorrect")) -> Correct | F3: =IF(D3="","",IF(D3=$C3,1,0)) -> 1 | G3: 0 | H3: Immediate | I3: 5 | J3: =IF(I3="","",IF(I3=$C3,"Correct","Incorrect")) -> Incorrect | K3: =IF(I3="","",IF(I3=$C3,1,0)) -> 0 | L3: 7 | N3: 3 | O3: =IF(N3="","",IF(N3=$C3,"Correct","Incorrect")) -> Correct | P3: =IF(N3="","",IF(N3=$C3,1,0)) -> 1 | Q3: 7 | T3: =SUM(RavenResultsTable[[#This Row],[Column3]],RavenResultsTable[[#This Row],[Column2]],RavenResultsTable[[#This Row],[Column1]]) -> 2
A4: C | B4: C3 | C4: 2 | D4: 2 | E4: =IF(D4="","",IF(D4=$C4,"Correct","Incorrect")) -> Correct | F4: =IF(D4="","",IF(D4=$C4,1,0)) -> 1 | G4: 0 | H4: Immediate | I4: 7 | J4: =IF(I4="","",IF(I4=$C4,"Correct","Incorrect")) -> Incorrect | K4: =IF(I4="","",IF(I4=$C4,1,0)) -> 0 | L4: 3 | N4: 2 | O4: =IF(N4="","",IF(N4=$C4,"Correct","Incorrect")) -> Correct | P4: =IF(N4="","",IF(N4=$C4,1,0)) -> 1 | Q4: 1 | T4: =SUM(RavenResultsTable[[#This Row],[Column3]],RavenResultsTable[[#This Row],[Column2]],RavenResultsTable[[#This Row],[Column1]]) -> 2
A5: C | B5: C4 | C5: 7 | D5: 2 | E5: =IF(D5="","",IF(D5=$C5,"Correct","Incorrect")) -> Incorrect | F5: =IF(D5="","",IF(D5=$C5,1,0)) -> 0 | G5: 0 | H5: Immediate | I5: 7 | J5: =IF(I5="","",IF(I5=$C5,"Correct","Incorrect")) -> Correct | K5: =IF(I5="","",IF(I5=$C5,1,0)) -> 1 | L5: 11 | N5: 8 | O5: =IF(N5="","",IF(N5=$C5,"Correct","Incorrect")) -> Incorrect | P5: =IF(N5="","",IF(N5=$C5,1,0)) -> 0 | Q5: 8 | T5: =SUM(RavenResultsTable[[#This Row],[Column3]],RavenResultsTable[[#This Row],[Column2]],RavenResultsTable[[#This Row],[Column1]]) -> 1
A6: C | B6: C5 | C6: 8 | D6: 8 | E6: =IF(D6="","",IF(D6=$C6,"Correct","Incorrect")) -> Correct | F6: =IF(D6="","",IF(D6=$C6,1,0)) -> 1 | G6: 0 | H6: Immediate | I6: 1 | J6: =IF(I6="","",IF(I6=$C6,"Correct","Incorrect")) -> Incorrect | K6: =IF(I6="","",IF(I6=$C6,1,0)) -> 0 | L6: 6 | N6: 3 | O6: =IF(N6="","",IF(N6=$C6,"Correct","Incorrect")) -> Incorrect | P6: =IF(N6="","",IF(N6=$C6,1,0)) -> 0 | Q6: 3 | T6: =SUM(RavenResultsTable[[#This Row],[Column3]],RavenResultsTable[[#This Row],[Column2]],RavenResultsTable[[#This Row],[Column1]]) -> 1
A7: C | B7: C6 | C7: 4 | D7: 4 | E7: =IF(D7="","",IF(D7=$C7,"Correct","Incorrect")) -> Correct | F7: =IF(D7="","",IF(D7=$C7,1,0)) -> 1 | G7: 0 | H7: Immediate | I7: 1 | J7: =IF(I7="","",IF(I7=$C7,"Correct","Incorrect")) -> Incorrect | K7: =IF(I7="","",IF(I7=$C7,1,0)) -> 0 | L7: 8 | N7: 4 | O7: =IF(N7="","",IF(N7=$C7,"Correct","Incorrect")) -> Correct | P7: =IF(N7="","",IF(N7=$C7,1,0)) -> 1 | Q7: 5 | T7: =SUM(RavenResultsTable[[#This Row],[Column3]],RavenResultsTable[[#This Row],[Column2]],RavenResultsTable[[#This Row],[Column1]]) -> 2
A8: C | B8: C7 | C8: 5 | D8: 1 | E8: =IF(D8="","",IF(D8=$C8,"Correct","Incorrect")) -> Incorrect | F8: =IF(D8="","",IF(D8=$C8,1,0)) -> 0 | G8: 0 | H8: Immediate | I8: 8 | J8: =IF(I8="","",IF(I8=$C8,"Correct","Incorrect")) -> Incorrect | K8: =IF(I8="","",IF(I8=$C8,1,0)) -> 0 | L8: 9 | N8: 5 | O8: =IF(N8="","",IF(N8=$C8,"Correct","Incorrect")) -> Correct | P8: =IF(N8="","",IF(N8=$C8,1,0)) -> 1 | Q8: 2 | T8: =SUM(RavenResultsTable[[#This Row],[Column3]],RavenResultsTable[[#This Row],[Column2]],RavenResultsTable[[#This Row],[Column1]]) -> 1
A9: C | B9: C8 | C9: 7 | D9: 7 | E9: =IF(D9="","",IF(D9=$C9,"Correct","Incorrect")) -> Correct | F9: =IF(D9="","",IF(D9=$C9,1,0)) -> 1 | G9: 0 | H9: Immediate | I9: 7 | J9: =IF(I9="","",IF(I9=$C9,"Correct","Incorrect")) -> Correct | K9: =IF(I9="","",IF(I9=$C9,1,0)) -> 1 | L9: 2 | N9: 7 | O9: =IF(N9="","",IF(N9=$C9,"Correct","Incorrect")) -> Correct | P9: =IF(N9="","",IF(N9=$C9,1,0)) -> 1 | Q9: 6 | T9: =SUM(RavenResultsTable[[#This Row],[Column3]],RavenResultsTable[[#This Row],[Column2]],RavenResultsTable[[#This Row],[Column1]]) -> 3
A10: C | B10: C9 | C10: 1 | D10: 1 | E10: =IF(D10="","",IF(D10=$C10,"Correct","Incorrect")) -> Correct | F10: =IF(D10="","",IF(D10=$C10,1,0)) -> 1 | G10: 0 | H10: Immediate | I10: 6 | J10: =IF(I10="","",IF(I10=$C10,"Correct","Incorrect")) -> Incorrect | K10: =IF(I10="","",IF(I10=$C10,1,0)) -> 0 | L10: 12 | N10: 6 | O10: =IF(N10="","",IF(N10=$C10,"Correct","Incorrect")) -> Incorrect | P10: =IF(N10="","",IF(N10=$C10,1,0)) -> 0 | Q10: 8 | T10: =SUM(RavenResultsTable[[#This Row],[Column3]],RavenResultsTable[[#This Row],[Column2]],RavenResultsTable[[#This Row],[Column1]]) -> 1
A11: C | B11: C10 | C11: 1 | D11: 6 | E11: =IF(D11="","",IF(D11=$C11,"Correct","Incorrect")) -> Incorrect | F11: =IF(D11="","",IF(D11=$C11,1,0)) -> 0 | G11: 0 | H11: Immediate | I11: 7 | J11: =IF(I11="","",IF(I11=$C11,"Correct","Incorrect")) -> Incorrect | K11: =IF(I11="","",IF(I11=$C11,1,0)) -> 0 | L11: 5 | N11: 8 | O11: =IF(N11="","",IF(N11=$C11,"Correct","Incorrect")) -> Incorrect | P11: =IF(N11="","",IF(N11=$C11,1,0)) -> 0 | Q11: 4 | T11: =SUM(RavenResultsTable[[#This Row],[Column3]],RavenResultsTable[[#This Row],[Column2]],RavenResultsTable[[#This Row],[Column1]]) -> 0
A12: C | B12: C11 | C12: 6 | D12: 6 | E12: =IF(D12="","",IF(D12=$C12,"Correct","Incorrect")) -> Correct | F12: =IF(D12="","",IF(D12=$C12,1,0)) -> 1 | G12: 0 | H12: Immediate | I12: 1 | J12: =IF(I12="","",IF(I12=$C12,"Correct","Incorrect")) -> Incorrect | K12: =IF(I12="","",IF(I12=$C12,1,0)) -> 0 | L12: 8 | N12: 6 | O12: =IF(N12="","",IF(N12=$C12,"Correct","Incorrect")) -> Correct | P12: =IF(N12="","",IF(N12=$C12,1,0)) -> 1 | Q12: 1 | T12: =SUM(RavenResultsTable[[#This Row],[Column3]],RavenResultsTable[[#This Row],[Column2]],RavenResultsTable[[#This Row],[Column1]]) -> 2
A13: C | B13: C12 | C13: 2 | D13: 8 | E13: =IF(D13="","",IF(D13=$C13,"Correct","Incorrect")) -> Incorrect | F13: =IF(D13="","",IF(D13=$C13,1,0)) -> 0 | G13: 0 | H13: Immediate | I13: 8 | J13: =IF(I13="","",IF(I13=$C13,"Correct","Incorrect")) -> Incorrect | K13: =IF(I13="","",IF(I13=$C13,1,0)) -> 0 | L13: 5 | N13: 5 | O13: =IF(N13="","",IF(N13=$C13,"Correct","Incorrect")) -> Incorrect | P13: =IF(N13="","",IF(N13=$C13,1,0)) -> 0 | Q13: 3 | T13: =SUM(RavenResultsTable[[#This Row],[Column3]],RavenResultsTable[[#This Row],[Column2]],RavenResultsTable[[#This Row],[Column1]]) -> 0
... A37: E | B37: E12 | C37: 5 | D37: 2 | E37: =IF(D37="","",IF(D37=$C37,"Correct","Incorrect")) -> Incorrect | F37: =IF(D37="","",IF(D37=$C37,1,0)) -> 0 | G37: 0 | H37: Immediate | I37: 5 | J37: =IF(I37="","",IF(I37=$C37,"Correct","Incorrect")) -> Correct | K37: =IF(I37="","",IF(I37=$C37,1,0)) -> 1 | L37: 6 | N37: 6 | O37: =IF(N37="","",IF(N37=$C37,"Correct","Incorrect")) -> Incorrect | P37: =IF(N37="","",IF(N37=$C37,1,0)) -> 0 | Q37: 1 | T37: =SUM(RavenResultsTable[[#This Row],[Column3]],RavenResultsTable[[#This Row],[Column2]],RavenResultsTable[[#This Row],[Column1]]) -> 1
O43: x

Sheet Summary
A1: Raven matrix AI test tracker
A3: Accuracy by block
A4: Model | B4: Block C | C4: Block D | D4: Block E | E4: Overall | F4: Completed items
A5: ChatGPT | B5: =IFERROR(COUNTIFS(Results!$A:$A,"C",Results!$E:$E,"Correct")/(COUNTIFS(Results!$A:$A,"C",Results!$E:$E,"Correct")+COUNTIFS(Results!$A:$A,"C",Results!$E:$E,"Incorrect")),"") -> 0.58333333 | C5: =IFERROR(COUNTIFS(Results!$A:$A,"D",Results!$E:$E,"Correct")/(COUNTIFS(Results!$A:$A,"D",Results!$E:$E,"Correct")+COUNTIFS(Results!$A:$A,"D",Results!$E:$E,"Incorrect")),"") -> 0.75 | D5: =IFERROR(COUNTIFS(Results!$A:$A,"E",Results!$E:$E,"Correct")/(COUNTIFS(Results!$A:$A,"E",Results!$E:$E,"Correct")+COUNTIFS(Results!$A:$A,"E",Results!$E:$E,"Incorrect")),"") -> 0.33333333 | E5: =IFERROR(COUNTIFS(Results!$E:$E,"Correct")/(COUNTIFS(Results!$E:$E,"Correct")+COUNTIFS(Results!$E:$E,"Incorrect")),"") -> 0.55555556 | F5: =(COUNTIFS(Results!$E:$E,"Correct")+COUNTIFS(Results!$E:$E,"Incorrect")) -> 36
A6: Claude | B6: =IFERROR(COUNTIFS(Results!$A:$A,"C",Results!$J:$J,"Correct")/(COUNTIFS(Results!$A:$A,"C",Results!$J:$J,"Correct")+COUNTIFS(Results!$A:$A,"C",Results!$J:$J,"Incorrect")),"") -> 0.16666667 | C6: =IFERROR(COUNTIFS(Results!$A:$A,"D",Results!$J:$J,"Correct")/(COUNTIFS(Results!$A:$A,"D",Results!$J:$J,"Correct")+COUNTIFS(Results!$A:$A,"D",Results!$J:$J,"Incorrect")),"") -> 0.58333333 | D6: =IFERROR(COUNTIFS(Results!$A:$A,"E",Results!$J:$J,"Correct")/(COUNTIFS(Results!$A:$A,"E",Results!$J:$J,"Correct")+COUNTIFS(Results!$A:$A,"E",Results!$J:$J,"Incorrect")),"") -> 0.33333333 | E6: =IFERROR(COUNTIFS(Results!$J:$J,"Correct")/(COUNTIFS(Results!$J:$J,"Correct")+COUNTIFS(Results!$J:$J,"Incorrect")),"") -> 0.36111111 | F6: =(COUNTIFS(Results!$J:$J,"Correct")+COUNTIFS(Results!$J:$J,"Incorrect")) -> 36
A7: Gemini | B7: =IFERROR(COUNTIFS(Results!$A:$A,"C",Results!$O:$O,"Correct")/(COUNTIFS(Results!$A:$A,"C",Results!$O:$O,"Correct")+COUNTIFS(Results!$A:$A,"C",Results!$O:$O,"Incorrect")),"") -> 0.5 | C7: =IFERROR(COUNTIFS(Results!$A:$A,"D",Results!$O:$O,"Correct")/(COUNTIFS(Results!$A:$A,"D",Results!$O:$O,"Correct")+COUNTIFS(Results!$A:$A,"D",Results!$O:$O,"Incorrect")),"") -> 0.66666667 | D7: =IFERROR(COUNTIFS(Results!$A:$A,"E",Results!$O:$O,"Correct")/(COUNTIFS(Results!$A:$A,"E",Results!$O:$O,"Correct")+COUNTIFS(Results!$A:$A,"E",Results!$O:$O,"Incorrect")),"") -> 0.33333333 | E7: =IFERROR(COUNTIFS(Results!$O:$O,"Correct")/(COUNTIFS(Results!$O:$O,"Correct")+COUNTIFS(Results!$O:$O,"Incorrect")),"") -> 0.5 | F7: =(COUNTIFS(Results!$O:$O,"Correct")+COUNTIFS(Results!$O:$O,"Incorrect")) -> 36
A9: Correct / attempted by block
A10: Model | B10: Block C | C10: Block D | D10: Block E | E10: Overall
A11: ChatGPT | B11: =COUNTIFS(Results!$A:$A,"C",Results!$E:$E,"Correct")&"/"&(COUNTIFS(Results!$A:$A,"C",Results!$E:$E,"Correct")+COUNTIFS(Results!$A:$A,"C",Results!$E:$E,"Incorrect")) -> 7/12 | C11: =COUNTIFS(Results!$A:$A,"D",Results!$E:$E,"Correct")&"/"&(COUNTIFS(Results!$A:$A,"D",Results!$E:$E,"Correct")+COUNTIFS(Results!$A:$A,"D",Results!$E:$E,"Incorrect")) -> 9/12 | D11: =COUNTIFS(Results!$A:$A,"E",Results!$E:$E,"Correct")&"/"&(COUNTIFS(Results!$A:$A,"E",Results!$E:$E,"Correct")+COUNTIFS(Results!$A:$A,"E",Results!$E:$E,"Incorrect")) -> 4/12 | E11: =COUNTIFS(Results!$E:$E,"Correct")&"/"&(COUNTIFS(Results!$E:$E,"Correct")+COUNTIFS(Results!$E:$E,"Incorrect")) -> 20/36
A12: Claude | B12: =COUNTIFS(Results!$A:$A,"C",Results!$J:$J,"Correct")&"/"&(COUNTIFS(Results!$A:$A,"C",Results!$J:$J,"Correct")+COUNTIFS(Results!$A:$A,"C",Results!$J:$J,"Incorrect")) -> 2/12 | C12: =COUNTIFS(Results!$A:$A,"D",Results!$J:$J,"Correct")&"/"&(COUNTIFS(Results!$A:$A,"D",Results!$J:$J,"Correct")+COUNTIFS(Results!$A:$A,"D",Results!$J:$J,"Incorrect")) -> 7/12 | D12: =COUNTIFS(Results!$A:$A,"E",Results!$J:$J,"Correct")&"/"&(COUNTIFS(Results!$A:$A,"E",Results!$J:$J,"Correct")+COUNTIFS(Results!$A:$A,"E",Results!$J:$J,"Incorrect")) -> 4/12 | E12: =COUNTIFS(Results!$J:$J,"Correct")&"/"&(COUNTIFS(Results!$J:$J,"Correct")+COUNTIFS(Results!$J:$J,"Incorrect")) -> 13/36
A13: Gemini | B13: =COUNTIFS(Results!$A:$A,"C",Results!$O:$O,"Correct")&"/"&(COUNTIFS(Results!$A:$A,"C",Results!$O:$O,"Correct")+COUNTIFS(Results!$A:$A,"C",Results!$O:$O,"Incorrect")) -> 6/12 | C13: =COUNTIFS(Results!$A:$A,"D",Results!$O:$O,"Correct")&"/"&(COUNTIFS(Results!$A:$A,"D",Results!$O:$O,"Correct")+COUNTIFS(Results!$A:$A,"D",Results!$O:$O,"Incorrect")) -> 8/12 | D13: =COUNTIFS(Results!$A:$A,"E",Results!$O:$O,"Correct")&"/"&(COUNTIFS(Results!$A:$A,"E",Results!$O:$O,"Correct")+COUNTIFS(Results!$A:$A,"E",Results!$O:$O,"Incorrect")) -> 4/12 | E13: =COUNTIFS(Results!$O:$O,"Correct")&"/"&(COUNTIFS(Results!$O:$O,"Correct")+COUNTIFS(Results!$O:$O,"Incorrect")) -> 18/36
A15: Average response time in seconds
A16: Model | B16: Block C | C16: Block D | D16: Block E | E16: Overall | F16: Note
A17: ChatGPT | B17: =IFERROR((SUMIFS(Results!$G:$G,Results!$A:$A,"C",Results!$E:$E,"Correct")+SUMIFS(Results!$G:$G,Results!$A:$A,"C",Results!$E:$E,"Incorrect"))/(COUNTIFS(Results!$A:$A,"C",Results!$E:$E,"Correct")+COUNTIFS(Results!$A:$A,"C",Results!$E:$E,"Incorrect")),"") -> 0 | C17: =IFERROR((SUMIFS(Results!$G:$G,Results!$A:$A,"D",Results!$E:$E,"Correct")+SUMIFS(Results!$G:$G,Results!$A:$A,"D",Results!$E:$E,"Incorrect"))/(COUNTIFS(Results!$A:$A,"D",Results!$E:$E,"Correct")+COUNTIFS(Results!$A:$A,"D",Results!$E:$E,"Incorrect")),"") -> 0 | D17: =IFERROR((SUMIFS(Results!$G:$G,Results!$A:$A,"E",Results!$E:$E,"Correct")+SUMIFS(Results!$G:$G,Results!$A:$A,"E",Results!$E:$E,"Incorrect"))/(COUNTIFS(Results!$A:$A,"E",Results!$E:$E,"Correct")+COUNTIFS(Results!$A:$A,"E",Results!$E:$E,"Incorrect")),"") -> 0 | E17: =IFERROR((SUMIFS(Results!$G:$G,Results!$E:$E,"Correct")+SUMIFS(Results!$G:$G,Results!$E:$E,"Incorrect"))/(COUNTIFS(Results!$E:$E,"Correct")+COUNTIFS(Results!$E:$E,"Incorrect")),"") -> 0 | F17: Immediate is entered as 0 seconds.
A18: Claude | B18: =IFERROR((SUMIFS(Results!$L:$L,Results!$A:$A,"C",Results!$J:$J,"Correct")+SUMIFS(Results!$L:$L,Results!$A:$A,"C",Results!$J:$J,"Incorrect"))/(COUNTIFS(Results!$A:$A,"C",Results!$J:$J,"Correct")+COUNTIFS(Results!$A:$A,"C",Results!$J:$J,"Incorrect")),"") -> 6.75 | C18: =IFERROR((SUMIFS(Results!$L:$L,Results!$A:$A,"D",Results!$J:$J,"Correct")+SUMIFS(Results!$L:$L,Results!$A:$A,"D",Results!$J:$J,"Incorrect"))/(COUNTIFS(Results!$A:$A,"D",Results!$J:$J,"Correct")+COUNTIFS(Results!$A:$A,"D",Results!$J:$J,"Incorrect")),"") -> 5.1666667 | D18: =IFERROR((SUMIFS(Results!$L:$L,Results!$A:$A,"E",Results!$J:$J,"Correct")+SUMIFS(Results!$L:$L,Results!$A:$A,"E",Results!$J:$J,"Incorrect"))/(COUNTIFS(Results!$A:$A,"E",Results!$J:$J,"Correct")+COUNTIFS(Results!$A:$A,"E",Results!$J:$J,"Incorrect")),"") -> 7 | E18: =IFERROR((SUMIFS(Results!$L:$L,Results!$J:$J,"Correct")+SUMIFS(Results!$L:$L,Results!$J:$J,"Incorrect"))/(COUNTIFS(Results!$J:$J,"Correct")+COUNTIFS(Results!$J:$J,"Incorrect")),"") -> 6.3055556
A19: Gemini | B19: =IFERROR((SUMIFS(Results!$Q:$Q,Results!$A:$A,"C",Results!$O:$O,"Correct")+SUMIFS(Results!$Q:$Q,Results!$A:$A,"C",Results!$O:$O,"Incorrect"))/(COUNTIFS(Results!$A:$A,"C",Results!$O:$O,"Correct")+COUNTIFS(Results!$A:$A,"C",Results!$O:$O,"Incorrect")),"") -> 4.3333333 | C19: =IFERROR((SUMIFS(Results!$Q:$Q,Results!$A:$A,"D",Results!$O:$O,"Correct")+SUMIFS(Results!$Q:$Q,Results!$A:$A,"D",Results!$O:$O,"Incorrect"))/(COUNTIFS(Results!$A:$A,"D",Results!$O:$O,"Correct")+COUNTIFS(Results!$A:$A,"D",Results!$O:$O,"Incorrect")),"") -> 4.6666667 | D19: =IFERROR((SUMIFS(Results!$Q:$Q,Results!$A:$A,"E",Results!$O:$O,"Correct")+SUMIFS(Results!$Q:$Q,Results!$A:$A,"E",Results!$O:$O,"Incorrect"))/(COUNTIFS(Results!$A:$A,"E",Results!$O:$O,"Correct")+COUNTIFS(Results!$A:$A,"E",Results!$O:$O,"Incorrect")),"") -> 4.25 | E19: =IFERROR((SUMIFS(Results!$Q:$Q,Results!$O:$O,"Correct")+SUMIFS(Results!$Q:$Q,Results!$O:$O,"Incorrect"))/(COUNTIFS(Results!$O:$O,"Correct")+COUNTIFS(Results!$O:$O,"Incorrect")),"") -> 4.4166667
A21: Current headline metrics
A22: Best current accuracy | B22: =IFERROR(INDEX(A5:A7,MATCH(MAX(E5:E7),E5:E7,0))&" ("&TEXT(MAX(E5:E7),"0.0%")&")","") -> ChatGPT (55.6%)
A23: Most efficient current model | B23: =IFERROR("ChatGPT (currently "&TEXT(E5,"0.0%")&" accuracy with immediate responses)","") -> ChatGPT (currently 55.6% accuracy with immediate responses)
